t[s],X,Y,Z,Qx,Qy,Qz,Qw,vx,vy,vz,wx,wy,wz,vxd,vyd,vzd,wxd,wyd,wzd
0.0,0.0,0.0,0.87955,0.0,0.0,0.0,1.0,0.0,0.0,0.0,0.0,0.0,0.0,-3.8345439237407786,2.223597424435928,-9.207404728002116,24.601347549982535,12.812462309479002,41.03758897061339
0.01,-0.00038450074451030537,0.0002227036556452088,0.8786297794236695,0.0012300661200276687,0.0006406224605786998,0.002051877350938384,0.9999969331650672,-0.03834543923740779,0.02223597424435928,-0.09207404728002117,0.24601347549982536,0.12812462309479003,0.4103758897061339,2.041317580229058,3.2910815588242253,-10.432677009880615,3.0616410620696404,-20.560396969300747,2.809643105219121
0.02,-0.000569070583997452,0.0007805740940683212,0.8766680673962456,0.0026154048642276656,0.00025336646189160297,0.004242860074568572,0.9999875467230678,-0.01793226343511721,0.05514678983260154,-0.1964008173788273,0.27662988612052175,-0.07747934659821745,0.43847232075832515,2.960679921631758,3.7829341383163033,-10.22429442177187,2.8815024997630676,-19.220581488448754,2.369212321000744
0.03,-0.000459968010843929,0.0017317342504063308,0.8736880881326479,0.0041489022312642026,-0.0010946055589087923,0.00654971610771578,0.9999693443640431,0.011674535781200368,0.09297613121576456,-0.298643761596546,0.3054449111181524,-0.269685161482705,0.46216444396833256,3.594479274966869,3.1970817597689516,-10.242557441656144,1.288529941357445,-18.40728156534964,1.7549206814516762
0.04,1.4347020347741887e-05,0.0030282086825326863,0.8696921226496437,0.005752707475486571,-0.003362840025078866,0.008940490727623825,0.9999378307120981,0.04761932853086906,0.12494694881345408,-0.40106933601310746,0.3183302105317269,-0.45375797713620136,0.47971365078284933,2.130767290262005,3.9710869510755384,-9.569266418372596,2.9785566045811027,-14.240886131500911,2.7721828058866698
0.05,0.0007172658356931491,0.00475469878834743,0.8647536394162433,0.007511237980081543,-0.006342482939215166,0.011466126044097866,0.9998859345783964,0.06892700143348911,0.16465781832420948,-0.4967620001968334,0.3481157765775379,-0.5961668384512104,0.507435478841716,0.8359042491296593,3.8610790733448455,-8.395120299872833,3.0389980864268082,-9.725865766257677,3.422000765702043
0.06,0.0015299142601636366,0.006905670839118626,0.858994760391497,0.009426034748073958,-0.0098077714954433,0.014159913667766167,0.9998072085818058,0.0772860439247857,0.20326860905765792,-0.5807132031955617,0.378505757441806,-0.6934254961137872,0.5416554864987364,0.964494601572186,2.533248283182482,-4.901304704283126,0.8645467848370458,-3.335053411783676,2.924635554004091
0.07,0.002471113458604976,0.009350251488288195,0.8527677988493734,0.011384750239226828,-0.013440309342582337,0.016998415341072347,0.9997003548177116,0.08693098994050756,0.22860109188948274,-0.629726250238393,0.3871512252901764,-0.726776030231624,0.5709018420387774,0.77466899087824,1.7252463167575585,-3.677977525208777,0.4154480981738544,-1.179668652483869,2.852532662367448
0.08,0.0035256280309566785,0.012009649927732737,0.846196710327893,0.01336302362941902,-0.017132736124176137,0.01997866920104202,0.9995642809391171,0.09467767984928996,0.24585355505705833,-0.6665060254904808,0.39130570627191497,-0.7385727167564626,0.5994271686624518,0.4922327301980509,1.136693350758636,-3.1276681153517396,0.10443828174319947,-0.1518716174909116,2.839758043112152
0.09,0.004668293693697089,0.014826671079416952,0.83933691389848,0.01534387564226142,-0.02083408436602542,0.023100298105381535,0.9993982602728236,0.09960000715127047,0.2572204885646447,-0.6977827066439981,0.392350089089347,-0.7400914329313717,0.6278247490935733,0.359164386888418,0.6663312290966111,-2.9067036722468975,-0.12922742344323845,0.21151757589309028,2.8617839541347028
0.1,0.005889081431158591,0.017756490874396805,0.8322105567663711,0.017314617895645895,-0.02452662816949074,0.02636431439601031,0.9992014668945356,0.10319165102015465,0.2638838008556108,-0.7268497433664671,0.3910578148549146,-0.7379762571724408,0.6564425886349203,0.3180369057189356,0.2788289518873172,-2.789187024625499,-0.3022672985003796,0.37928345920922624,2.9100728447399398
0.11,0.007187349228882069,0.020762873405246535,0.824829343971977,0.01926569479779697,-0.028202438870287665,0.029772920667973095,0.998972986942402,0.106372020077344,0.26667209037448397,-0.7547416136127221,0.3880351418699108,-0.7341834225803485,0.6855433170823197,0.3547263525523441,-0.04572091534128342,-2.6912084331685695,-0.45483657629837015,0.502055428271241,2.957443400503861
0.12,0.00857025885249584,0.02381615563313454,0.817203186806493,0.021188569521008206,-0.03185586983112847,0.03332821385894512,0.9987119095314364,0.10991928360286744,0.2662148812210711,-0.7816536979444078,0.3834867761069271,-0.7291628682976361,0.7151177510873583,0.5091069769492886,-0.32501062502834266,-2.6133296392778997,-0.6124169608410508,0.5938857106509161,2.9864426915592723
0.13,0.010056811369894862,0.026891993511303686,0.8093406890641791,0.02307447787669555,-0.03548286899421515,0.0370312851092142,0.9984173568211929,0.11501035337236033,0.2629647749707877,-0.8077869943371867,0.3773626064985166,-0.7232240111911269,0.7449821780029511,0.7890840887801751,-0.5872465405354967,-2.513558643930016,-0.7694125000226553,0.7344872604707504,2.987140897998854
0.14,0.011678470792664864,0.029968761240772936,0.8012536905601768,0.02491460451228768,-0.039076977068236075,0.0408818148172485,0.9980886381291257,0.12290119426016208,0.2570923095654327,-0.8329225807764868,0.36966848149829007,-0.7158791385864194,0.7748535869829396,1.2198264081665595,-0.9276235252911804,-2.3322038345444165,-0.9194212934603492,0.9851345723953528,2.9614730784839463
0.15,0.013481826673961786,0.03301831327672441,0.7929633479026975,0.026700261657802163,-0.04262625755634858,0.04487827436694728,0.9977254325133692,0.13509945834182768,0.24781607431252092,-0.8562446191219311,0.3604742685636866,-0.7060277928624659,0.804468317767779,1.8564266381770231,-1.2420289602508627,-2.0564321894274222,-1.0966193760856058,1.3978536536509694,2.8298772984294533
0.16,0.015532832621796833,0.036017137306494654,0.7845027412457845,0.02842118693540531,-0.046110673583137286,0.0490139919737552,0.9973282661720205,0.1536637247235979,0.2353957847100123,-0.8768089410162053,0.3495080748028305,-0.6920492563259562,0.8327670907520736,2.770702223836789,-1.5640362233315988,-1.591542019094213,-1.3272749574022473,2.107451138749191,2.563563145348357
0.17,0.017922791929687758,0.038943624719495494,0.7759273183162457,0.030063929234310345,-0.04949539921843049,0.05327588952183683,0.9968992151721555,0.1813707469619658,0.2197554224766963,-0.8927243612071475,0.33623532522880806,-0.6709747449384642,0.8584027222055571,4.142057752153528,-1.8472727057448664,-0.7931984237020635,-1.6793218657665712,3.303975609669976,2.0432221936206982
0.18,0.02078324179182875,0.0417841805100452,0.7673318565882975,0.031608138720921636,-0.05272138702243696,0.057638722651249044,0.9964432540632516,0.22279132448350109,0.20128269541924765,-0.9006563454441682,0.31944210657114236,-0.6379349888417645,0.8788349441417641,6.37681411199072,-1.97887152325033,0.7286910344093691,-2.0360243991261626,5.917335260419364,1.1227719626288453
0.19,0.024318677921050646,0.044547223895439796,0.7588948877241017,0.033029910059279646,-0.05565855863182771,0.062059680525637845,0.9959717596124696,0.2865594656034083,0.18149398018674434,-0.8933694351000745,0.29908186257988073,-0.5787616362375708,0.8900626637680525,6.5614143752524665,-2.283244091116103,2.7338935071186823,-2.4219172798491115,8.40975528645334,-0.2592004736045328
0.2,0.028523554311088373,0.04719839021887078,0.7508195656370624,0.0343047409431145,-0.05818240943012983,0.06647307806810701,0.9954995338391083,0.35217360935593295,0.1586615392755833,-0.8660305000288877,0.2748626897813896,-0.4946640833730374,0.8874706590320072,5.989036940139812,-2.6007229165611334,6.454875410354881,-2.845720061688315,12.648271853157105,-2.7182584773909504
0.21,0.03329493524591348,0.049676164521837075,0.743466271361042,0.0354029204603515,-0.06008000604923229,0.07076289566628184,0.9950525808684308,0.4120639787573311,0.13265431010997197,-0.8014817459253389,0.24640548916450647,-0.36818136484146635,0.8602880742580976,4.662738079765539,-2.660008739271233,13.778786065534472,-3.2677801288812054,20.278833867403797,-7.073687268260571
0.22,0.038406219099528675,0.05189857396019985,0.737537617483806,0.03628729837949562,-0.060966496389769066,0.07472541978090642,0.9946770480577307,0.45869135955498647,0.10605422271725964,-0.6636938852699942,0.2137276878756944,-0.16539302616742838,0.7895512015754919,1.989767472650156,-1.7882958779334963,27.80734735916532,-3.3884326661303135,32.93655666534322,-14.056774149665912
0.23,0.04340639656293074,0.05379000132059817,0.7343796013409157,0.03692241369287059,-0.0602011881260983,0.07803718187784985,0.9944459515528543,0.478589034281488,0.08817126393792468,-0.385620411678341,0.17984336121439126,0.16397254048600382,0.6489834600788327,-3.3323610978040183,-1.0147113803832752,42.769939425681414,-3.0017706386286136,43.429395213672336,-21.781396212391783
0.24,0.04759953349641905,0.05520518508391827,0.7353928857631634,0.03730389928185297,-0.05724718973899422,0.08033604350436911,0.9944230983235561,0.4452654233034478,0.07802415013409193,0.042078982578473145,0.14982565482810511,0.5982664926227272,0.4311694979549148,-11.236650251000846,-0.9977855015622268,51.59133496884404,-2.489038804968118,47.66193558055623,-26.794738578950174
0.25,0.05018105967798425,0.05593263570649993,0.741349973202678,0.03744605227566419,-0.05188216299963555,0.08138264294235635,0.9946270153978145,0.33289892079343936,0.06804629511846966,0.5579923322669136,0.12493526677842394,1.0748858484282895,0.1632221121654131,-12.996125805506253,-2.8967800919270417,51.985092400941284,-3.1986189518614196,51.59273656044451,-30.612648055231304
0.26,0.05114812512103136,0.05575244512180979,0.7522804554366119,0.03729685204117788,-0.04390468078475575,0.08099132075677791,0.9950486067499817,0.20293766273837682,0.03907849419919924,1.0778432562763265,0.09294907725980975,1.5908132140327345,-0.14290436838689996,-16.380781151328062,-5.029520432565057,52.99146556082786,-4.458956290247272,59.91311079256591,-32.22302618818236
0.27,0.05041763167473313,0.05441937786145964,0.7682908659120472,0.03675040145928423,-0.032900329634383926,0.07909113208693933,0.9956463072435595,0.03912985122509621,-0.011216710126451333,1.607757911884605,0.04835951435733703,2.189944321958394,-0.46513463026872354,-19.8613732430316,-8.604881872401371,55.48556170311723,-4.004426572971994,80.0896111482522,-35.92087231355606
0.28,0.04802356820714581,0.0515717039343088,0.7896755405072056,0.035740276763113886,-0.0178531155749067,0.07552892808972238,0.9963429529548461,-0.1594838812052198,-0.09726552885046505,2.1626135289157773,0.008315248627617088,2.990840433440916,-0.8243433534042841,3.061589280485121,-3.861284619802376,60.61598206839652,77.3534660856817,33.401388766963976,4.738571708230353
0.29,0.04658604500262595,0.047957118008647576,0.8171512247342207,0.03844335233324635,-0.0008536657759629497,0.07231087546095032,0.996640615872239,-0.1288679884003686,-0.13587837504848882,2.7687733495997424,0.7818499094844341,3.3248543211105557,-0.7769576363219806,85.96909404050855,-11.949217898906063,78.06625161730732,-111.00379331512923,-216.77653146142111,65.33653414876801
0.3,0.05451666291111718,0.043851517042823605,0.85236507400758,0.03638941173474622,0.0048174234748127945,0.07191468211903107,0.9967351110703295,0.7308229520047169,-0.25537055403754944,3.5494358657728156,-0.3281880236668583,1.1570890064963444,-0.12359229483430045,-65.52955366353152,24.476462590141054,-41.02314547753361,13.745038097643327,38.65241639103691,-53.922605013449996
0.31,0.05598052480701708,0.041661732009556945,0.8836553967685686,0.03486654748512186,0.012562039991278726,0.06889432713260485,0.9969353493114139,0.07552741536940177,-0.010605928136138892,3.1392044109974795,-0.190737642690425,1.5436131704067135,-0.6628183449688004,-12.841413335401496,7.0216183252969975,-10.160492719681923,1.228944805493998,-29.58693967783381,3.160680670579376
0.32,0.056468011275104896,0.04017283919933879,0.9140012229726499,0.03350672725549229,0.018829845930787313,0.06597498549432615,0.997080757722198,-0.052886717984613196,0.05961025511683109,3.03759948380066,-0.17844819463548503,1.2477437736283754,-0.6312115382630067,-9.319437044062212,0.6168483155183901,-9.555242979291444,4.655008758240214,-21.901265420638875,8.633316114408592
0.33,0.05631905460042667,0.03877945500724831,0.9434318026073529,0.03245794056432408,0.024005908857314764,0.06344219447403036,0.9971686348830755,-0.14608108842523532,0.06577873827201498,2.9420470540077455,-0.13189810705308289,1.0287311194219866,-0.5448783771189207,-7.417336641075858,-0.6743254421007678,-9.62732089043841,4.544285065989202,-22.968438271151978,7.952219766715636
0.34,0.0556549746432421,0.03735756895562382,0.9719375090144309,0.03171721805340343,0.028037655230326378,0.06126137963028846,0.9972236215282567,-0.2202544548359939,0.059035483851007306,2.8457738451033614,-0.08645525639319086,0.7990467367104668,-0.4653561794517644,-6.352258734336394,-0.5417088278702462,-9.664300186062272,3.4149421760373344,-23.55492255470524,5.795396197074095
0.35,0.054499323397229585,0.03591428446644791,0.9995181496947834,0.031226507010857052,0.030895730857020392,0.0593263511604553,0.9972716496184466,-0.28377704217935784,0.05361839557230484,2.749130843242739,-0.052305834632817516,0.5634975111634144,-0.40740221748102345,-5.809501742234656,0.0007055305617514884,-9.725495604718626,2.0376438944182595,-23.81217262165304,2.5635241004982716
0.36,0.052824091120230815,0.03449574760314155,1.026171487997848,0.030911705686146942,0.03256820673182226,0.057478273001111975,0.997336466040752,-0.3418720596017044,0.05362545087792236,2.6518758871955526,-0.03192939568863492,0.325375784946884,-0.38176697647604074,-5.097968235697065,0.5881099387810459,-9.852447086407885,0.5309888936292615,-23.007741116706853,0.3115361843665184
0.37,0.05062439899676944,0.033160835681445476,1.0518838772918375,0.03068985567037588,0.03309424037782404,0.05560901275496545,0.9974319734764694,-0.39285174195867506,0.059506550265732816,2.553351416331474,-0.026619506752342304,0.09529837377981548,-0.37865161463237557,-1.7733284736596875,-0.06535267769682916,-9.441381786933318,-0.9564801913649537,-12.371095557453513,16.019972443809795
0.38,0.048192287253438715,0.03187447965885534,1.076668386097691,0.030481132144061694,0.0329759821144133,0.05452115140911494,0.9975023454788617,-0.4105850266952719,0.058853023488764526,2.458937598462141,-0.03618430866599184,-0.028412581794719657,-0.2184518901942776,0.45753953748621917,-0.1825625877287965,-9.418920734707026,-1.2302805539021189,-7.197658926026863,12.406924872747355
0.39,0.04572610598818472,0.030643985313285244,1.1005098805454305,0.03025109884855211,0.032476447778107015,0.05404309705202798,0.9975517505469057,-0.40600963132040974,0.057027397611476564,2.3647483911150706,-0.04848711420501303,-0.10038917105498829,-0.09438264146680404,2.210642040436203,-0.04631445741075962,-9.4237109841779,-0.586566007076073,-3.6951947266688796,-0.551762562923906
0.4,0.043386881109437926,0.029499678717003458,1.1233965306651565,0.030000878000341256,0.03179183409867025,0.05353284953444731,0.9976088715646897,-0.38390321091604773,0.05656425303736897,2.2705112812732917,-0.054352774275773764,-0.13734111832167709,-0.0999002670960431,2.7246456669284242,-0.3184005811746958,-9.470148113069525,-0.3964902161300614,-1.0942124402833107,-0.9607848492134466
0.41,0.04122523761650001,0.028420048475981553,1.1453187058426921,0.029732255670408526,0.031052993107512437,0.05297362026172571,0.9976700357072877,-0.35665675424676346,0.05338024722562201,2.1758098001425963,-0.058317676437074376,-0.14828324272451018,-0.10950811558817758,2.742380165597654,-0.4353567374132926,-9.522511872511025,-0.3132747878225639,0.39770701450188234,-0.7884563897986868
0.42,0.03924587680490432,0.02739356873002728,1.1662708281577834,0.029445700348138232,0.030334304091040782,0.052376087506467016,0.9977321916144807,-0.32923295259078694,0.049026679851489084,2.080584681417486,-0.06145042431530001,-0.14430617257949135,-0.11739267948616444,2.5543637763719245,-0.48108879038016605,-9.566980807893572,-0.25992384474103236,1.149666740493642,-0.580200767566056
0.43,0.037434733459506125,0.02641340954554869,1.1862499647046265,0.02914225984029363,0.02967311301653429,0.051751648071675566,0.997793566814887,-0.3036893148270677,0.044215791947687426,1.9849148733385502,-0.06404966276271033,-0.13280950517455492,-0.123194687161825,2.295788568110133,-0.49641519975722614,-9.600986992946307,-0.21154657077422723,1.4501835719313272,-0.3900971757064481
0.44,0.035771267428919756,0.025474812394703297,1.205254783768263,0.028823908075790924,0.029084265638325286,0.05111012753631775,0.9978532170007466,-0.2807314291459663,0.039251639950115165,1.888905003409087,-0.06616512847045261,-0.11830766945524165,-0.12709565891888946,2.0312626516224164,-0.4980466275423771,-9.625810040866526,-0.16246408656843725,1.493088033076226,-0.2298204534347481
0.45,0.034234198295972455,0.024574114581787262,1.223284860095578,0.02849327676118337,0.02856980422157445,0.050459486211548145,0.9979106872448146,-0.26041880262974215,0.034271173674691395,1.7926469030004217,-0.06778976933613698,-0.1033767891244794,-0.12939386345323695,1.7893165474125359,-0.49321407549620777,-9.643686224589976,-0.11356564795765456,1.4027246333983987,-0.10277960782115714
0.46,0.032803999077008344,0.02370834535504512,1.2403402326622222,0.02815327116806345,0.02812517033055391,0.04980583831568191,0.9979658043170051,-0.24252563715561679,0.029339032919729318,1.696210040754522,-0.06892542581571352,-0.08934954279049541,-0.13042165953144852,1.5798621693929318,-0.4853380971780655,-9.656724415138273,-0.06718026705369651,1.2561096793701063,-0.008363981679995448
0.47,0.03146376006115222,0.022875015048655117,1.2564211364782853,0.027806753310037787,0.027743038408667868,0.049153599910794245,0.9980185528866783,-0.22672701546168747,0.02448565194794866,1.5996427966031392,-0.06959722848625048,-0.07678844599679435,-0.13050529934824848,1.4036202760352983,-0.4762424869581641,-9.666582025327454,-0.025391982317345185,1.0991840475094863,0.05651621614134528
0.48,0.030199264853082428,0.022071972611265055,1.2715278492252435,0.027456326597945953,0.027415597120166512,0.048505712076458915,0.9980690011518479,-0.2126908127013345,0.01972322707836702,1.5029769763498646,-0.06985114830942393,-0.06579660552169948,-0.12994013718683503,1.2572239417666362,-0.467080494088298,-9.674447822399955,0.010141998725552881,0.9581054944017284,0.09613942240575106
0.49,0.02899872278130945,0.021297289063842803,1.2856606101734618,0.027104196692361558,0.027135843816990513,0.04786389255395787,0.9981172557828989,-0.20011857328366814,0.01505242213748404,1.4062324981258651,-0.0697497283221684,-0.0562155505776822,-0.12897874296277753,1.136007316178017,-0.4586494714839686,-9.681123820165892,0.03884033574656609,0.8466561846634459,0.11533349519728577
0.5,0.027852395192347,0.020549161270272894,1.2988195826997513,0.02675211912262849,0.026898263954658348,0.04722889477081444,0.998163433019564,-0.18875850012188797,0.010465927422644353,1.3094212599242063,-0.06936132496470274,-0.047748988731047735,-0.12782540801080466,1.035301697844819,-0.45159489885404047,-9.687127654571775,0.06045054119819593,0.7712558196822845,0.11862785422653296
0.51,0.02675222230193008,0.019825826916252714,1.3110048415726896,0.026401381478387713,0.02669914473016887,0.04660074078171227,0.9982076405664835,-0.1784054831434398,0.005949978434103949,1.2125499833784885,-0.06875681955272078,-0.04003643053422489,-0.12663912946853934,0.9510697865941328,-0.4464416845056742,-9.692778011097413,0.07518725503244594,0.7340210704534154,0.11006496381080046
0.52,0.025691501209773124,0.01912549296010335,1.3222163735696781,0.026052818631121157,0.02653667604446073,0.04597892323435014,0.998249965732078,-0.16889478527749846,0.0014855615890472067,1.1156222032675145,-0.06800494700239633,-0.03269621982969074,-0.12553847983043134,0.8801062087144246,-0.4436224313662405,-9.698257732367559,0.08353236921275231,0.7346752153539661,0.09304901745090105
0.53,0.02466462920056895,0.01844627614077063,1.3324540847744883,0.025706845851823413,0.026410933680874014,0.04536257196127628,0.9982904676112625,-0.16009372319035423,-0.0029506627246151983,1.0186396259438388,-0.06716962331026881,-0.025349467676151077,-0.12460798965592233,0.8200386791315016,-0.44348932641930056,-9.703655758238613,0.08613104880776401,0.7716466388972005,0.07034812473455684
0.54,0.02366691022452816,0.017786154238131287,1.3417178110827415,0.025363501874124172,0.026323799172529215,0.04475058706757926,0.9983291718300696,-0.1518933363990392,-0.007385555988808204,0.9216030683614527,-0.06630831282219117,-0.01763300128717907,-0.12390450840857677,0.769231094432152,-0.4463238537523398,-9.708991366332564,0.08372448090360729,0.842631807722783,0.04415810943168555
0.55,0.022694414672767994,0.017142926310164456,1.3500073305541027,0.025022497253727096,0.02627884413733329,0.04414174260314316,0.9983660669022916,-0.1442010254547177,-0.011848794526331603,0.824513154698127,-0.0654710680131551,-0.00920668320995124,-0.12346292731425991,0.7266350909546087,-0.4523446276959215,-9.714223747627974,0.07711255283745677,0.9447938914785946,0.016176184609452533
0.56,0.021743878425027216,0.016514180007386966,1.3573223777976522,0.024683265773199216,0.026281188749912043,0.04353476483825882,0.998401101641589,-0.1369346745451716,-0.01637224080329082,0.7273709172218473,-0.06469994248478053,0.00024125570483470547,-0.12330116546816539,0.6915997329568745,-0.4617094310210373,-9.71924818322667,0.06713149235382199,1.07469794627139,-0.012348779802067162
0.57,0.02081262344311126,0.015897264397158307,1.36366266198058,0.02434501795256465,0.026337330946276567,0.042928387621739304,0.9984341834270867,-0.13001867721560287,-0.020989335113501192,0.6301784353895806,-0.06402862756124231,0.010988235167548604,-0.12342465326618605,0.6636236671169967,-0.4744986231887828,-9.723877509138013,0.054634170428462525,1.2280363082711407,-0.04062340376398292
0.58,0.019898476655198217,0.01528926821771198,1.369027891756017,0.024006796209578952,0.026454932567763136,0.042321384178515324,0.998465177519878,-0.1233824405444329,-0.02573432134538902,0.5329396602982005,-0.06348228585695768,0.023268598250260012,-0.12383088730382588,0.6420227186228858,-0.4906450253458996,-9.72780320844762,0.04045081940335882,1.399158677037682,-0.06839417622618578
0.59,0.018999655472847314,0.014687008255229473,1.373417813035351,0.023667530483571987,0.026642538952243233,0.041712570665880716,0.9984939081273512,-0.11696221335820405,-0.030640771598848017,0.4356616282137243,-0.06307777766292409,0.037260185020636834,-0.12451482906608774,0.6255331955387511,-0.5096865739835292,-9.730517450950195,0.02529579622847855,1.5803567277353274,-0.09610303611806267
0.6,0.018114581276910905,0.01408704982746508,1.3768322706093405,0.023326090753353068,0.026909196193763064,0.04110077308511959,0.9985201625917112,-0.11070688140281654,-0.035737637338683306,0.33835645370422235,-0.0628248197006393,0.05306375229799011,-0.12547585942726835,0.6122429733355333,-0.5298481115422901,-9.731125124694469,0.009542434905075226,1.760545049253202,-0.12499365392447805
0.61,0.01724161123993077,0.013485850827848757,1.3792713171904192,0.022981327432085884,0.027263899824732048,0.04048475116841096,0.9985437012362745,-0.1045844516694612,-0.04103611845410621,0.24104520245727767,-0.06272939535158854,0.07066920279052213,-0.12672579596651312,0.6025402369117024,-0.5444366092901737,-9.727942815798778,-0.007590082190051195,1.918550785943928,-0.1558697622965757
0.62,0.01637896146314042,0.012880412147742772,1.3807354110296954,0.022632073723112156,0.027714536799472694,0.039863134955927595,0.9985642814363369,-0.09855904930034418,-0.04648048454700794,0.14376577429928988,-0.06280529617348905,0.08985471064996142,-0.12828449358947888,0.6184860173709383,-0.5253599846950128,-9.733236177984663,-0.002025273764544533,1.8479877566656049,-0.14751787714351394
0.63,0.015526546630630024,0.01227129133392707,1.3812241924367419,0.022278813897609898,0.028257582246446877,0.03923621705293146,0.9985818357892738,-0.0923741891266348,-0.05173408439395807,0.046433412519443246,-0.0628255489111345,0.10833458821661747,-0.129759672360914,0.655201429433341,-0.4742830976138728,-9.746324780221343,0.025311194105090973,1.5600250673014064,-0.10413453215622206
0.64,0.014685520230345,0.011662379712442576,1.3807365306393473,0.021923591050371786,0.028878659624464332,0.038605768037018325,0.9985965020207223,-0.08582217483230138,-0.056476915370096796,-0.05102983528277019,-0.06257243697008359,0.12393483888963153,-0.13080101768247623,0.6880621428639807,-0.4200645352839594,-9.75489809706029,0.05115580571410394,1.2631508226019688,-0.06952039229058159
0.65,0.013856212925818324,0.011057790789410667,1.3792717300480712,0.0215683629044587,0.02956295333640949,0.03797312190293324,0.9986084715866352,-0.07894155340366157,-0.06067756072293639,-0.1485788162533731,-0.062060878912942555,0.13656634711565122,-0.13149622160538205,0.7167833391440834,-0.3692001275352064,-9.760847110310433,0.07727811470130952,0.975111500578418,-0.043213312744226746
0.66,0.01303825661589006,0.010461243574531324,1.376829316113206,0.02121505580874353,0.030296097652335433,0.03733921637195536,0.9986179703944849,-0.07177372001222074,-0.06436956199828846,-0.24618728735647744,-0.06128809776592946,0.1463174621214354,-0.13192835473282433,0.7435894630132106,-0.32313451172455865,-9.765211754939488,0.10393923940449667,0.7035797988134239,-0.023471363207012198
0.67,0.012230917800031141,0.00987596267454805,1.3734089178428204,0.020865566264233394,0.031064558257974675,0.03670468708437122,0.9986252486847847,-0.06433782538208863,-0.06760090711553404,-0.3438394049058723,-0.060248705371884495,0.15335326010956965,-0.13216306836489444,0.769778840667048,-0.28202192269190746,-9.768644998715134,0.13087448115005573,0.4529771817334273,-0.008962378978019766
0.68,0.01143332192145613,0.009304695503718423,1.3690101998548845,0.020521742602935513,0.03185585096919926,0.03606993807577137,0.9986305735389724,-0.05664003697541815,-0.07042112634245312,-0.44152585489302365,-0.05893996056038394,0.15788303192690392,-0.13225269215467464,0.7956980534326236,-0.2456853625856075,-9.771601875352763,0.15764647663119602,0.22563429427282394,0.0012060892608552133
0.69,0.010644570687439753,0.008749752305776187,1.3636328208405308,0.020185361780138866,0.03265865625958759,0.035435188090527196,0.9986342227192657,-0.048683056441091915,-0.07287797996830919,-0.5392418736465513,-0.05736349579407198,0.16013937486963217,-0.1322406312620661,0.8211032517479553,-0.21388411174631314,-9.774414504416413,0.18381563564722025,0.0224037723490427,0.007636664012305006
0.7,0.009863789194568508,0.00821304582019049,1.3572764079594133,0.01985810857347045,0.03346286033955852,0.03480050081344375,0.9986364792280087,-0.04047202392361236,-0.07501682108577232,-0.6369860186907155,-0.05552533943759978,0.1603634125931226,-0.13216426462194303,0.8454497658638148,-0.18639716013039523,-9.777331835923466,0.2090206947263833,-0.15689227535155784,0.010775706496854007
0.71,0.00909013210637645,0.007696124839282186,1.3499405413386873,0.019541560392635077,0.03425954511906964,0.03416580616084362,0.9986376263064771,-0.032017526264974214,-0.07688079268707627,-0.7347593370499501,-0.05343513249033595,0.158794489839607,-0.13205650755697448,0.8680746423424496,-0.16305043337426303,-9.780543292053403,0.23301106786465553,-0.3131170971570375,0.01100106895102096
0.72,0.008322767642131778,0.0072002005231528565,1.3416247451828192,0.019237178702100528,0.03504094424116152,0.033530917391384536,0.9986379427806473,-0.023336779841549717,-0.07851129702081891,-0.8325647699704841,-0.0511050218116894,0.15566331886803664,-0.13194649686746426,0.888299185589297,-0.1437248314880756,-9.784192789422384,0.2556523960672268,-0.4475550870316375,0.008674653751575058
0.73,0.0075608503743961695,0.006726165594086491,1.3323284834152362,0.01894630687584042,0.035800378323894363,0.03289554695580149,0.9986376987467033,-0.014453787985656746,-0.07994854533569967,-0.930406697864708,-0.04854849785101713,0.15118776799772027,-0.1318597503299485,0.9054789401708457,-0.12835746812147847,-9.788386643391913,0.2769169444617867,-0.5617120746447332,0.004170069020425171
0.74,0.006803488717097198,0.006274606818532014,1.3220511586729595,0.018670173666162748,0.036532179329964165,0.032259322691809034,0.9986371516162136,-0.005398998583948289,-0.08123212001691446,-1.028290564298627,-0.04577932840639926,0.14557064725127294,-0.13181804963974425,0.9190205303135012,-0.11694106004553817,-9.793197623019061,0.2968633286250606,-0.6571609044610762,-0.002112776326174302
0.75,0.006049709708831258,0.0058458111468099256,1.310792114052376,0.01840990102508727,0.037231611720048186,0.03162180527313865,0.9986365425239764,0.0037912067191867224,-0.08240153061736984,-1.1262225405288178,-0.04281069512014866,0.13899903820666218,-0.131839177403006,0.9283784433776412,-0.1095230034673233,-9.798666809629093,0.31560559026992174,-0.7354129432785872,-0.009739670762078273
0.76,0.005298421630014068,0.005439765785009016,1.2985506373577065,0.018166514542222133,0.03789479674380439,0.030982507475803975,0.9986360930587501,0.013074991152963135,-0.08349676065204308,-1.2242092086251086,-0.03965463921744944,0.1316449087738763,-0.1319365741106268,0.9330411555801158,-0.10620332084665751,-9.804804579530796,0.3332685997034699,-0.797797010628642,-0.01824236023954495
0.77,0.004548373762199903,0.005056152503750862,1.2853259677850941,0.01794095409861663,0.03851864584252926,0.030340915425786232,0.9986360022248418,0.022405402708764295,-0.08455879386050966,-1.3222572544204165,-0.03632195322041474,0.12366693866758988,-0.13211899771302224,0.932514085778582,-0.10712959600412134,-9.811591611797592,0.34992202473272793,-0.8453224215453541,-0.0271241173445904
0.78,0.0037981119953525906,0.004694336707306159,1.2711173050306994,0.0177340812512689,0.0391008099093214,0.029696511782487358,0.9986364434640672,0.03173054356655011,-0.08563008982055087,-1.4203731705383924,-0.03282273297308746,0.11521371445213634,-0.13239023888646814,0.9263079135370254,-0.11248492223732956,-9.818980729944208,0.3654816517555004,-0.8785000252585508,-0.03587334862398599
0.79,0.0030459290686035796,0.004353352367871859,1.2559238207396617,0.017546678177303942,0.03963965321888986,0.02904880051580329,0.9986375614637281,0.04099362270192036,-0.08675493904292417,-1.5185629778378344,-0.029167916455532454,0.10642871419955083,-0.132748972372708,0.9139445846639926,-0.12246241791922374,-9.826900354078093,0.3795625768767137,-0.8970893952620774,-0.04399139578576578
0.8,0.0022898092884246933,0.004031885083119142,1.2397446719891971,0.017379430498753286,0.04013426448584256,0.02839733239335634,0.9986394683381288,0.05013306854856029,-0.0879795632221164,-1.6168319813786154,-0.025372290686765317,0.09745782024693006,-0.13318888633056566,0.8950002209843424,-0.13721736088838143,-9.835260147671216,0.39126197910013594,-0.8997277214370528,-0.051034661725713804
0.81,0.0015273701721321654,0.0037282574409040724,1.2225790160917602,0.01723288264060312,0.04058452335613064,0.02774172983373545,0.998642238564784,0.059083070758403716,-0.08935173683100021,-1.7151845828553276,-0.021459670895763956,0.08846054303255953,-0.1336992329478228,0.8692179024417667,-0.1567822402963937,-9.84396001584117,0.3988467716411135,-0.8833939052937746,-0.056688478180832294
0.82,0.0007558087934878932,0.003440424100704287,1.2044260252648462,0.017107349400767635,0.04099124880202013,0.027081708545691696,0.9986459017992199,0.06777524978282139,-0.09091955923396415,-1.8136241830137392,-0.017471203179352822,0.07962660397962178,-0.13426611772963112,0.8367412258888549,-0.1809268281783755,-9.852903076468754,0.3993085536584986,-0.8426351637111459,-0.06086254411751896
0.83,-2.8129783504885213e-05,0.0031659887600465854,1.1852848985639577,0.01700276052010791,0.04135646765027519,0.02641709278959944,0.998650432296874,0.07614266204170994,-0.0927288275157479,-1.9121532137784267,-0.013478117642767837,0.07120025234251032,-0.1348747431708063,0.7985503625612786,-0.20893755865672223,-9.862013995980867,0.38774390368057776,-0.7684775322510057,-0.06380512167410782
0.84,-0.0008281279869590603,0.002902262159125751,1.1651548666244078,0.016918406015151363,0.041683857133985314,0.025747820815287432,0.9986557331310945,0.08412816566732273,-0.09481820310231512,-2.0107733537382355,-0.00960067860596206,0.06351547702000027,-0.13551279438754738,0.7572280415131972,-0.23928265555242656,-9.871266037064132,0.356516070632102,-0.6469513614193437,-0.06623238465598806
0.85,-0.0016481533993852255,0.0026463901782263688,1.1440351816736867,0.016852538813764417,0.04197943444492058,0.025073937088773632,0.9986616127087711,0.0917004460824547,-0.09721102965783938,-2.1094860141088767,-0.006035517899641039,0.05704596340580683,-0.13617511823410725,0.7182372772046878,-0.2691345906931375,-9.880720693542347,0.2941349623987264,-0.45713055460735275,-0.06938071548146367
0.86,-0.0024920930072425797,0.002395593209419035,1.1219250804272336,0.01680177702282256,0.042252590302147175,0.0243955728165025,0.998667750019289,0.09888281885450158,-0.09990237556477076,-2.2082932210443,-0.0030941682756537754,0.052474657859733306,-0.13686892538892187,0.6919678008116413,-0.29374403236682456,-9.89059279916863,0.18381136377930218,-0.1686683653673507,-0.07486978980429161
0.87,-0.0033629914488143126,0.002147569916627304,1.0988236991559899,0.016760232086766465,0.042517588364531296,0.023712926903267994,0.9986736435882057,0.10580249686261799,-0.102839815888439,-2.3071991490359864,-0.0012560546378607535,0.0507879742060598,-0.13761762328696478,0.6968159295742269,-0.3058062152022671,-9.901364661609945,0.001635219015209577,0.26119699012076036,-0.08398950739963586
0.88,-0.004261629687371904,0.0019011149795025595,1.0747299063489646,0.01671827144209726,0.042795678133732404,0.023026289589590528,0.9986785365275448,0.11277065615836025,-0.10589787804046168,-2.406212795652086,-0.0012397024477086578,0.05339994410726741,-0.13845751836096115,0.7632130014210006,-0.2955142879892226,-9.914000601505013,-0.28562351455497526,0.8912770980269575,-0.09547522011193083
0.89,-0.0051840990400905404,0.001656923988447548,1.0496419960505379,0.016660808579868396,0.04311799956443218,0.022336227974945798,0.99868130476688,0.12040278617257026,-0.1088530209203539,-2.505352801667136,-0.00409593759325841,0.06231271508753698,-0.13941227056208047,0.9363445859074289,-0.25408801348278054,-9.930365244823031,-0.722937897866301,1.8018235413826638,-0.09930880308392666
0.9,-0.006118164496595664,0.0014181906899155905,1.0235571576182159,0.01656500976143959,0.04352954194905083,0.021644253193466547,0.9986802820387545,0.12976623203164456,-0.11139390105518171,-2.6046564541153665,-0.011325316571921422,0.08033095050136362,-0.14040535859291975,1.264700852201226,-0.19139994062947077,-9.954035493510384,-1.3688578817304573,3.1084991381166778,-0.0605579895066056
0.91,-0.007039610307809801,0.0011891178366351188,0.9964706585429418,0.016397350264654175,0.04409484068105514,0.02095479240931457,0.9986729537765069,0.1424132405536568,-0.11330790046147642,-2.70419680905047,-0.025013895389225993,0.1114159418825304,-0.1410109384879858,1.7130263158002585,-0.20758561485762733,-9.991884010354305,-2.291751562929047,5.019178775834453,0.11419375633833773
0.92,-0.00791721546660233,0.0009637579559175598,0.9683750711806898,0.016110231680392773,0.04490822585849938,0.020280180368037415,0.9986553088877493,0.1595435037116594,-0.11538375661005269,-2.804115649154013,-0.04793141101851646,0.16160772964087494,-0.13986900092460242,1.7189504877769626,-0.7559005599867433,-10.055124656717284,-3.464570251888711,8.128520422592125,0.5258120129343379
0.93,-0.008770354700090265,0.0006772392848953935,0.9392626426902936,0.015643029335054494,0.04612347957382405,0.019646117223626747,0.9986200230033749,0.17673300858942903,-0.12294276220992012,-2.904666895721186,-0.08257711353740357,0.2428929338667962,-0.13461088079525904,1.1571122577352206,-3.1074355544613246,-10.649013693205704,0.24356109856063474,-3.412592167137746,3.9309465936505252
0.94,-0.009662585620072717,8.760933464005264e-05,0.9090719073832133,0.015200377874072576,0.04716542151007167,0.01920506408319013,0.9985867699102683,0.18830413116678124,-0.15401711775453336,-3.011157032653243,-0.08014150255179722,0.20876701219541874,-0.09530141485875379,-13.852816784122126,16.42366947865969,213.8786715961987,31.05491456483901,-309.5480131720251,-9.253702062144555
0.95,-0.009872284853027878,0.00047277017272584005,0.9003447347683247,0.01658203951904676,0.03278419442567271,0.017991488041469807,0.9991629191074407,0.049775963325559974,0.010219577032063554,-0.872370316691256,0.23040764309659287,-2.886713119524832,-0.18783843548019935,-22.221948627295884,-6.586637276623785,53.76449754205155,-49.182625691208145,235.90244924596482,-5.890364463051004
0.96,-0.011785828604246385,-4.17693360849789e-05,0.8970949640695071,0.015282981614286355,0.030144738182484924,0.016757821992918764,0.9992881969857047,-0.17244352294739887,-0.05564679573417429,-0.3347253412707405,-0.2614186138154886,-0.5276886270651837,-0.2467420801107094,2.1295127556067683,1.5639669729712065,16.196480821688763,5.976970555298319,12.783986126958666,0.11089713299405446
0.97,-0.013382856747428513,-0.00044213159678434494,0.8954461866773532,0.01427188624972091,0.028148695338951344,0.015530316209629707,0.9993811952863726,-0.15114839539133118,-0.040007126004462226,-0.17276053305385286,-0.2016489082625054,-0.399848765795597,-0.24563310878076886,5.518826294302912,0.1476478262305818,3.11783572954627,0.6043262429009175,6.930969804605439,1.5749647745178876
0.98,-0.01440727461025269,-0.00081869352932182,0.8940741026884208,0.013287740589638058,0.026498168839322867,0.014385515367332243,0.9994570225606509,-0.09596013244830207,-0.03853064774215641,-0.14158217575839016,-0.1956056458334962,-0.3305390677495426,-0.22988346103559,5.8504094461270135,0.4037071598168831,1.7364113824711787,1.1995073749852168,2.8913305171907595,1.5340670626621318
0.99,-0.014836240317286843,-0.0011430411300243346,0.8928440315729476,0.01236342876752567,0.024991850712073882,0.013317641031012488,0.9995224827208564,-0.037456037987031926,-0.03449357614398758,-0.12421806193367838,-0.18361057208364404,-0.301625762577635,-0.21454279040896868,5.50340043156681,0.47820731098740854,1.6639241227376953,1.1398111664147486,2.894719312982623,1.4726887373577071
1.0,-0.014705896200901103,-0.0014103813858219458,0.8917540615027669,0.011495944243788362,0.02362994948933234,0.012323678558548585,0.9995787091069221,0.017577966328636174,-0.02971150303411349,-0.10757882070630143,-0.17221246041949656,-0.27267856944780877,-0.1998159030353916,3.58331750690291,0.4848771944819532,1.1776293990456068,1.1608246758352188,1.9492965673587435,1.4117644716275777
1.01,-0.01421103049129351,-0.0016252184456347965,0.8907672206790882,0.010686904714496667,0.022365296421590616,0.011399982059625401,0.9996277427085734,0.05341114139766528,-0.024862731089293957,-0.09580252671584535,-0.16060421366114438,-0.25318560377422134,-0.18569825831911582,2.2984043811146933,0.46804269256715614,0.9876103341889344,1.101538262645601,1.895872317382704,1.3419130861122568
1.02,-0.013481262620707276,-0.001792547961975435,0.8898716043971827,0.009933310582194082,0.021195247715321674,0.010543104419884814,0.99967041256824,0.07639518520881221,-0.020182304163622395,-0.085926423373956,-0.14958883103468837,-0.2342268806003943,-0.17227912745799326,1.4027909830412035,0.4418069412144723,0.8573340578882673,1.0393630141386723,1.8324354746506017,1.2811401645147882
1.03,-0.012606950690042787,-0.0019169307789695827,0.8890586215335764,0.00923203450322522,0.020116649534601034,0.009750045087268865,0.9997074704988602,0.09042309503922424,-0.015764234751477674,-0.07735308279507333,-0.13919520089330165,-0.21590252585388828,-0.15946772581284538,0.7622583789463064,0.4164614223012508,0.7521261755663096,0.9786607148642759,1.7466818141495324,1.2211794221829102
1.04,-0.011652798417899735,-0.002001971547722776,0.8883205432739626,0.008580034351648539,0.01912523065467446,0.009017828077503239,0.999739609768311,0.09804567882868731,-0.011599620528465165,-0.06983182103941024,-0.12940859374465888,-0.19843570771239294,-0.14725593159101627,0.3012504107408329,0.36835200152417347,0.6704394008755026,0.9231733518607328,1.6622458671235307,1.1652828470289407
1.05,-0.010665382168496005,-0.002053013214995884,0.8876508773704039,0.007974530214753757,0.01821678434468556,0.00834367409989329,0.9997674423277185,0.10105818293609564,-0.007916100513223431,-0.06312742703065521,-0.12017686022605155,-0.18181324904115764,-0.13560310312072688,-0.02683840641547519,0.3052378287511752,0.6059655732386804,0.8734838564727561,1.5807966905078388,1.1111770174071065
1.06,-0.009677869815077478,-0.002076554212412282,0.8870441141972067,0.007413030600905407,0.01738725314244834,0.007724888055115128,0.9997915065202376,0.1007897988719409,-0.004863722225711679,-0.05706777129826841,-0.11144202166132398,-0.16600528213607926,-0.1244913329466558,-0.25391767575513136,0.25342945290630814,0.5495952481200508,0.826887592166667,1.4938995302719391,1.0542021858464796
1.07,-0.008713296105249107,-0.0020777381991058407,0.8864950950354942,0.00689319674643809,0.016632307784208104,0.007158626105409235,0.9998122845057812,0.09825062211438958,-0.002329427696648598,-0.051571818817067905,-0.10317314573965732,-0.15106628683335988,-0.11394931108819101,-0.40672453042436985,0.20940590819311788,0.5015042851293123,0.7818705242792028,1.4096529322344296,0.9964185473050353
1.08,-0.007787228315925568,-0.0020608026506722756,0.8859991907901241,0.006412765800560444,0.015947750540553047,0.006642003723291328,0.9998302003210461,0.09418337681014588,-0.00023536861471741902,-0.04655677596577478,-0.09535444049686528,-0.1369697575110156,-0.10398512561514066,-0.5049082460329402,0.17170920401945544,0.46017242700342376,0.7391805903605011,1.3300572319325212,0.9389831835926437
1.09,-0.006909735209312574,-0.0020292850835831582,0.8855522605098239,0.005969588948503357,0.015329615163425776,0.006172153696293485,0.9998456237967321,0.08913429434981648,0.0014817234254771354,-0.04195505169574054,-0.08796263459326027,-0.12366918519169037,-0.09459529377921422,-0.563421056336411,0.13926839713573314,0.4242329036567032,0.6984776488257847,1.255862977093571,0.8830022144365168
1.1,-0.006086886863658139,-0.00198616915130236,0.8851505902334084,0.005561615462553504,0.014774204057688114,0.005746281934682913,0.9998588758279018,0.08350008378645238,0.002874407396834467,-0.03771272265917351,-0.08097785810500242,-0.11111055542075467,-0.08576527163484905,-0.5938999927965902,0.11141672609673559,0.3928579517579034,0.6601445755009436,1.1880630491602133,0.8285252741870535
1.11,-0.005321921941217964,-0.0019339764836213574,0.8847908620665331,0.005186911916859561,0.014278138178425765,0.00536166987823465,0.9998702331858077,0.07756108385848648,0.003988574657801823,-0.033784143141594475,-0.07437641234999298,-0.09922992492915253,-0.07748001889297852,-0.6051362816234551,0.08758289626456839,0.3650310605771536,0.6249470795665015,1.125990137520013,0.7771269475896592
1.12,-0.004616131002645073,-0.001874838459523415,0.8844700867312024,0.0048437020944318105,0.013838323588243143,0.005015752395622778,0.9998799335811241,0.07150972104225192,0.004864403620447507,-0.030133832535822937,-0.06812694155432797,-0.08797002355395239,-0.06970874941708192,-0.6041818380053918,0.06704961719373803,0.3402915003936271,0.592021901848991,1.070019820871316,0.7285489541437036
1.13,-0.0039695639675263175,-0.0018105767919766797,0.8841855805081629,0.004530323677869423,0.013451970225764708,0.004706105551093778,0.9998881803656652,0.065467902662198,0.005534899792384888,-0.026730917531886667,-0.06220672253583806,-0.07726982534523923,-0.06242325987564489,-0.5968526693193485,0.04947937498814525,0.31853080137068135,0.5613689427455579,1.0209877229931976,0.6823378162506801
1.14,-0.0033816133801284525,-0.0017427422834782097,0.8839349704098224,0.004245227871318437,0.013116633942198346,0.00443042402853975,0.9998951461514723,0.059499375969004516,0.00602969354226634,-0.023545609518179852,-0.056593033108382484,-0.06705994811530724,-0.055599881713138094,-0.5875336671349789,0.03441893911430338,0.29896918292428065,0.5331912429202483,0.9775140986162967,0.6396986757058427
1.15,-0.002851456138729603,-0.0016726613362224262,0.8837161259139829,0.003986990807590595,0.012830147428361433,0.004186580827937651,0.9999009769783395,0.053624039297654726,0.006373882933409374,-0.020555917688937046,-0.05126112067918,-0.05728480712914428,-0.049202894956079664,-0.5803136161668991,0.021342375453112683,0.28148509219949247,0.5075424204295254,0.939878144111816,0.6001787329326478
1.16,-0.002378463569571524,-0.0016014891023070086,0.8835271544479816,0.0037543158956354823,0.012590634417458427,0.003972604596386201,0.9999057952876573,0.047820903135985735,0.006587306687940501,-0.01774106676694212,-0.04618569647488474,-0.04788602568802612,-0.04320110762675319,-0.5790112321209655,0.010225875164529219,0.2659845592724155,0.48495367418088664,0.9083452992298078,0.5636497694967602
1.17,-0.0019625847359358447,-0.0015302116586380578,0.8833663987169993,0.0035460602792627047,0.012396523192655148,0.003786672871239863,0.9999097023120618,0.04203079081477608,0.006689565439585793,-0.015081221174217965,-0.041336159733075875,-0.038802572695728045,-0.037564609931785585,-0.5872709843520116,0.0005343374461435624,0.2520628283608266,0.4645056224546791,0.8824383089397543,0.5298822381491263
1.18,-0.0016047125142248414,-0.0014596987526949675,0.8832324020317079,0.003361188854273543,0.012246522668401268,0.003627101036006219,0.999912780811453,0.03615808097125596,0.006694908814047228,-0.0125605928906097,-0.03669110350852908,-0.029978189606330502,-0.03226578755029432,-0.6091847079280921,-0.007917663961444665,0.23950679243354767,0.44580971866338026,0.8622589400833505,0.49866623701346996
1.19,-0.0013070940073977803,-0.001390722150154166,0.8831238945464265,0.0031987547092577322,0.01213962752828918,0.003492332016343033,0.9999150969101687,0.03006623389197504,0.006615732174432782,-0.010165524966274223,-0.03223300632189528,-0.021355600205496997,-0.02727912518015962,-0.6495125824898356,-0.015457739643608748,0.22774535140609142,0.4291744387270961,0.8472823899940067,0.4693180535037941
1.2,-0.0010738083683810682,-0.001323988651812099,0.8830397459690607,0.0030579142335712788,0.012075092228693154,0.0033809017566365676,0.9999167019364766,0.023571108067076685,0.006461154777996694,-0.007888071452213308,-0.02794126193462432,-0.012882776305556929,-0.022585944645121682,-0.7143398424223921,-0.021572820728658765,0.2145777644269078,0.4155635545472854,0.8336342747875278,0.4418280499571773
1.21,-0.0009113814043516617,-0.001260089343889572,0.8829787602891154,0.002937975947660089,0.012052237507667492,0.0032914375193170194,0.9999176357617893,0.016427709642852763,0.006245426570710107,-0.0057422938079442305,-0.023785626389151465,-0.00454643355768165,-0.01816766414554991,-0.8102842314113285,-0.025720013450204006,0.1846481594180709,0.40431311256562347,0.7875108548450882,0.4150403976990291
1.22,-0.0008294849511303294,-0.0011994393530598898,0.8829381584174999,0.0028383721026591095,0.01206876042768977,0.0032225955707192683,0.9999179484054346,0.008324867328739476,0.005988226436208067,-0.003895812213763522,-0.01974249526349523,0.0033286749907692325,-0.014017260168559618,-0.9282580698859402,-0.023662241683777424,0.028652761807894223,0.40208181257287723,0.45443921105270135,0.38889165490563893
1.23,-0.0008402962014206322,-0.0011417880656800236,0.8829026343999758,0.002759032111122195,0.012108012888029856,0.0031730184305992465,0.9999178544859333,-0.000957713370119925,0.005751604019370293,-0.0036092845956845797,-0.015721677137766458,0.007873067101296247,-0.010128343619503228,-0.876853029581822,-0.002790566828107438,-1.0535360694013,0.4513231354816538,-2.0500749033078094,0.3675301993357296
